sigla,tema,codigo
AO,Diálise,
AO,,66352
AO,,66445
AO,,66486
AO,,70607
AO,,72766
AO,,72966
AO,,73082
AO,,73133
AO,,73134
AO,,73205
AO,,73304
AO,,73639
AO,,73652
AO,,73670
AO,,73718
AO,,74124
AO,,74356
AO,Doença Mineral e Óssea,
AO,,72930
AO,,73708
AO,Doença Renal Crônica,
AO,,66532
AO,,66559
AO,,66587
AO,,66736
AO,,73053
AO,,73173
AO,Doenças Glomerulares,
AO,,66513
AO,,73052
AO,,73297
AO,,73661
AO,Fisiologia e Nefrologia Experimental,
AO,,66362
AO,,72675
AO,,72735
AO,,73525
AO,Hipertensão Arterial,
AO,,66377 
AO,,66537
AO,,72992
AO,Insuficiência Renal Aguda,
AO,,66402
AO,,66522
AO,,66578
AO,,66600
AO,,66604
AO,,66665
AO,,66671
AO,,71920
AO,,72537
AO,,72720
AO,,73146
AO,,73532
AO,Nefrologia Pediátrica,
AO,,73672 
AO,Transplante,
AO,,66441
AO,,66500
AO,,66663
AO,,66687
AO,,66741
AO,,68572
AO,,73224
AO,,73262
AO,,76560
AO,,76566
JP,Diálise,
JP,,66439
JP,,73578
JP,,73263
JP,Doença Mineral e Óssea,
JP,,72975
JP,Insuficiência Renal Aguda,
JP,,72955
JP,Transplante,
JP,,66541
PC,Diálise,
PC,,66666
PC,,66726
PC,,66793
PC,,72667
PC,,72698
PC,,73565
PC,,73568
PC,,74158
PC,Doença Mineral e Óssea,
PC,,66222
PC,,73690
PC,Doença Renal Crônica,
PC,,66387
PC,,66489
PC,,66576
PC,,66681
PC,,66791
PC,,66878
PC,,72691
PC,,72823
PC,,73421
PC,,73431
PC,Doenças Glomerulares,
PC,,66738
PC,,73085
PC,,73558
PC,,73727
PC,,74340
PC,Fisiologia e Nefrologia Experimental,
PC,,72969
PC,,72976
PC,,72979
PC,Hipertensão Arterial,
PC,,66425
PC,,74046
PC,Insuficiência Renal Aguda,
PC,,66520
PC,,66526
PC,,66546
PC,,66547
PC,,66823
PC,,72582
PC,,72988
PC,,73543
PC,,74175
PC,Nefrologia Pediátrica,
PC,,73801
PC,Transplante,
PC,,66399
PC,,66440
PC,,66596
PC,,66834
PC,,72780
PC,,73204
PC,,73523
PC,,74188
PC,,74265
PC,Outras áreas,
PC,,66579
PC,,66626
PC,,66659
PC,,72683
PC,,72736
PC,,73000
PC,,73665
PE,Diálise,
PE,,66326
PE,,66353
PE,,66385
PE,,66408
PE,,66424
PE,,66434
PE,,66438
PE,,66455
PE,,66465
PE,,66480
PE,,66529
PE,,66536
PE,,66554
PE,,66564
PE,,66568
PE,,66597
PE,,66620
PE,,66640
PE,,66641
PE,,66648
PE,,66650
PE,,66651
PE,,66676
PE,,66683
PE,,66684
PE,,66691
PE,,66696
PE,,66704
PE,,66706
PE,,66708
PE,,66718
PE,,66722
PE,,66728
PE,,66733
PE,,66764
PE,,66769
PE,,66773
PE,,66783
PE,,66785
PE,,66801
PE,,66810
PE,,66850
PE,,66858
PE,,66870
PE,,66874
PE,,66883
PE,,66884
PE,,70094
PE,,71601
PE,,71602
PE,,72358
PE,,72539
PE,,72607
PE,,72609
PE,,72620
PE,,72621
PE,,72627
PE,,72628
PE,,72661
PE,,72662
PE,,72681
PE,,72750
PE,,72794
PE,,72897
PE,,72907
PE,,72932
PE,,72933
PE,,72947
PE,,72952
PE,,72965
PE,,72977
PE,,72978
PE,,73011
PE,,73018
PE,,73020
PE,,73022
PE,,73055
PE,,73070
PE,,73074
PE,,73086
PE,,73108
PE,,73136
PE,,73212
PE,,73254
PE,,73272
PE,,73290
PE,,73313
PE,,73346
PE,,73459
PE,,73478
PE,,73548
PE,,73554
PE,,73572
PE,,73636
PE,,73644
PE,,73682
PE,,73698
PE,,73808
PE,,73913
PE,,73962
PE,,73979
PE,,73988
PE,,74080
PE,,74120
PE,,74131
PE,,74142
PE,,74171
PE,,74189
PE,,74201
PE,Distúrbios Hidroeletrolíticos,
PE,,66558
PE,,66842
PE,,66872
PE,,72819
PE,,72921
PE,,72925
PE,,73013
PE,,73050
PE,,73079
PE,,73442
PE,Doença Mineral e Óssea,
PE,,66247
PE,,66421
PE,,66549
PE,,66685
PE,,66829
PE,,72676
PE,,72950
PE,,73061
PE,,73265
PE,,73336
PE,,73622
PE,,73666
PE,,73685
PE,,73691
PE,,73749
PE,,73761
PE,,73818
PE,,73901
PE,,74013
PE,,74179
PE,Doença Renal Crônica,
PE,,66285
PE,,66303
PE,,66328
PE,,66337
PE,,66338
PE,,66351
PE,,66390
PE,,66391
PE,,66396
PE,,66401
PE,,66431
PE,,66442
PE,,66457
PE,,66466
PE,,66473
PE,,66475
PE,,66476
PE,,66478
PE,,66482
PE,,66484
PE,,66488
PE,,66509
PE,,66521
PE,,66542
PE,,66548
PE,,66573
PE,,66615
PE,,66636
PE,,66645
PE,,66654
PE,,66667
PE,,66673
PE,,66678
PE,,66693
PE,,66694
PE,,66697
PE,,66700
PE,,66705
PE,,66786
PE,,66806
PE,,66813
PE,,66817
PE,,66819
PE,,66822
PE,,66824
PE,,66838
PE,,66864
PE,,66879
PE,,66886
PE,,66888
PE,,66893
PE,,71598
PE,,71672
PE,,71673
PE,,72013
PE,,72028
PE,,72029
PE,,72532
PE,,72540
PE,,72613
PE,,72614
PE,,72639
PE,,72674
PE,,72711
PE,,72713
PE,,72881
PE,,72892
PE,,72920
PE,,72980
PE,,73016
PE,,73030
PE,,73033
PE,,73041
PE,,73056
PE,,73092
PE,,73109
PE,,73117
PE,,73160
PE,,73162
PE,,73170
PE,,73374
PE,,73404
PE,,73453
PE,,73467
PE,,73477
PE,,73531
PE,,73587
PE,,73590
PE,,73591
PE,,73596
PE,,73626
PE,,73675
PE,,73677
PE,,73683
PE,,73700
PE,,73730
PE,,73731
PE,,73733
PE,,73746
PE,,73767
PE,,73869
PE,,73937
PE,,74014
PE,,74016
PE,,74049
PE,,74055
PE,,74213
PE,,74232
PE,,74245
PE,,74255
PE,,74320
PE,,74388
PE,,74389
PE,,74394
PE,Doenças Glomerulares,
PE,,66316
PE,,66376
PE,,66506
PE,,66569
PE,,66577
PE,,66592
PE,,66617
PE,,66622
PE,,66655
PE,,66664
PE,,66669
PE,,66672
PE,,66695
PE,,66723
PE,,66776
PE,,66802
PE,,66814
PE,,66843
PE,,66853
PE,,66877
PE,,66896
PE,,71702
PE,,71890
PE,,71926
PE,,72626
PE,,72630
PE,,72733
PE,,72742
PE,,72744
PE,,72830
PE,,72889
PE,,72902
PE,,72916
PE,,72941
PE,,73036
PE,,73038
PE,,73062
PE,,73147
PE,,73167
PE,,73373
PE,,73388
PE,,73393
PE,,73462
PE,,73490
PE,,73494
PE,,73658
PE,,73662
PE,,73671
PE,,73695
PE,,73728
PE,,73739
PE,,73743
PE,,73765
PE,,73770
PE,,73782
PE,,73860
PE,,73882
PE,,73909
PE,,73964
PE,,74030
PE,,74043
PE,,74066
PE,,74085
PE,,74122
PE,,74140
PE,,74143
PE,,74150
PE,Fisiologia e Nefrologia Experimental,
PE,,66586
PE,,66701
PE,,68817
PE,,72678
PE,,72726
PE,,72734
PE,,73139
PE,,74006
PE,Hipertensão Arterial,
PE,,66432
PE,,66491
PE,,66495
PE,,66534
PE,,66560
PE,,66611
PE,,66624
PE,,66675
PE,,66725
PE,,66731
PE,,66739
PE,,66745
PE,,66826
PE,,66835
PE,,66892
PE,,73023
PE,,73095
PE,,73285
PE,,73316
PE,,73564
PE,,73705
PE,,73792
PE,,73960
PE,,74225
PE,Insuficiência Renal Aguda,
PE,,66386
PE,,66470
PE,,66474
PE,,66481
PE,,66507
PE,,66519
PE,,66533
PE,,66535
PE,,66544
PE,,66551
PE,,66570
PE,,66585
PE,,66607
PE,,66618
PE,,66631
PE,,66633
PE,,66638
PE,,66660
PE,,66674
PE,,66702
PE,,66711
PE,,66714
PE,,66716
PE,,66721
PE,,66761
PE,,66771
PE,,66775
PE,,66792
PE,,66796
PE,,66812
PE,,66830
PE,,66852
PE,,66871
PE,,66889
PE,,67176
PE,,70660
PE,,71964
PE,,72617
PE,,72708
PE,,72768
PE,,72822
PE,,72918
PE,,72939
PE,,72956
PE,,73024
PE,,73178
PE,,73292
PE,,73326
PE,,73449
PE,,73724
PE,,73775
PE,,73807
PE,,73811
PE,,73834
PE,,73844
PE,,73879
PE,,73963
PE,,74110
PE,,74242
PE,,74368
PE,,74379
PE,Nefrolitíase,
PE,,66380
PE,,66510
PE,,66512
PE,,66580
PE,,66608
PE,,73238
PE,,73441
PE,,73686
PE,Nefrologia Pediátrica,
PE,,66223
PE,,66483
PE,,66516
PE,,66571
PE,,66765
PE,,66774
PE,,72610
PE,,73027
PE,,73045
PE,,73093
PE,,73546
PE,,73787
PE,Nutrição,
PE,,66206
PE,,66357
PE,,66397
PE,,66398
PE,,66511
PE,,66539
PE,,66540
PE,,66545
PE,,66553
PE,,66561
PE,,66563
PE,,66575
PE,,66595
PE,,66646
PE,,66679
PE,,66682
PE,,66707
PE,,66759
PE,,66763
PE,,66788
PE,,66844
PE,,66863
PE,,68585
PE,,72836
PE,,72891
PE,,72949
PE,,73122
PE,,73267
PE,,73334
PE,,73475
PE,,73481
PE,,73642
PE,,73654
PE,,74098
PE,,74160
PE,Transplante,
PE,,66286
PE,,66350
PE,,66356
PE,,66423
PE,,66426
PE,,66428
PE,,66429
PE,,66433
PE,,66435
PE,,66436
PE,,66456
PE,,66467
PE,,66477
PE,,66485
PE,,66487
PE,,66501
PE,,66550
PE,,66556
PE,,66562
PE,,66582
PE,,66590
PE,,66601
PE,,66698
PE,,66715
PE,,66749
PE,,66760
PE,,66804
PE,,66808
PE,,66816
PE,,66827
PE,,66837
PE,,66876
PE,,66890
PE,,72699
PE,,72701
PE,,72702
PE,,72727
PE,,72899
PE,,73073
PE,,73080
PE,,73168
PE,,73207
PE,,73220
PE,,73317
PE,,73505
PE,,73520
PE,,73526
PE,,73544
PE,,73606
PE,,73687
PE,,73699
PE,,73717
PE,,73737
PE,,73740
PE,,73744
PE,,73805
PE,,73828
PE,,73856	
PE,,73871
PE,,73877
PE,,73883
PE,,73903
PE,,73906
PE,,73908
PE,,73919
PE,,73926
PE,,73954
PE,,74050
PE,,74075
PE,,74082
PE,,74281
PE,Outras áreas,
PE,,66251
PE,,66276
PE,,66354
PE,,66388
PE,,66389
PE,,66413
PE,,66451
PE,,66492
PE,,66565
PE,,66566
PE,,66574
PE,,66619
PE,,66632
PE,,66634
PE,,66652
PE,,66717
PE,,66720
PE,,66724
PE,,66729
PE,,66847
PE,,66857
PE,,66869
PE,,70852
PE,,71638
PE,,72550
PE,,72697
PE,,72755
PE,,72929
PE,,72987
PE,,72996
PE,,73035
PE,,73261
PE,,73322
PE,,73423
PE,,73513
PE,,73536
PE,,73624
PE,,73641
PE,,73809
PE,,73897
PE,,73987
PE,,74007
PE,,74250
PE,,74360
PCE,PÔSTER COMENTADO,
PCE,,66339
PCE,,66598
PCE,,66709
PCE,,73071
PCE,,73474
PCE,,74069
PEE,PÔSTER ELETRÔNICO,
PEE,,66603
PEE,,66756
PEE,,73419
PEE,,71781
PEE,,66405
PEE,,66747
PEE,,66699
PEE,,74088
PEE,,66778
PEE,,73551
PEE,,66710
PEE,,66767
PEE,,66848
PEE,,66628
PEE,,66797
PEE,,66680
PEE,,66613
PEE,,66318
PEE,,66317
PEE,,66444
PEE,,66448
PEE,,72959
PEE,,66688
PEE,,73689
PEE,,66379
PEE,,66404
PEE,,73422
PEE,,73172
PEE,,66836
PEE,,66609
